id,name,category,description,price,stock,available,badge,image
singhara-barfi,Singhare ki Barfi,Navratri Specials,Water-chestnut flour slow-roasted in desi ghee with khoya and cardamom. Perfect for the vrat.,220,8,TRUE,VRAT FRIENDLY,
rajgira-laddoo,Rajgira Laddoo,Navratri Specials,"Puffed amaranth bound with jaggery and ghee. Light, crunchy and vrat-safe.",180,25,TRUE,VRAT FRIENDLY,
makhana-kheer,Kesar Makhana Kheer,Navratri Specials,Roasted fox nuts simmered in full-cream milk with saffron and dry fruits. 400 ml tub.,249,25,TRUE,POPULAR,
sabudana-vada,Sabudana Vada (6 pcs),Navratri Specials,"Crisp sago and potato vadas with peanuts, served with vrat-wali hari chutney.",199,25,TRUE,,
kuttu-pakode,Kuttu Aloo Pakode,Navratri Specials,Buckwheat-batter potato fritters fried in groundnut oil. 250 g.,169,25,TRUE,,
vrat-namkeen,Vrat Aloo Lachha Namkeen,Navratri Specials,"Crunchy potato sticks with peanuts, kishmish and sendha namak.",149,25,TRUE,,
lauki-halwa,Lauki ka Halwa,Navratri Specials,"Bottle gourd cooked in milk and ghee, topped with pista. 500 g box.",299,5,TRUE,,
ghewar,Malai Ghewar,Classic Marwadi Mithai,"Jaipur-style honeycomb ghewar soaked in chashni and topped with rabdi, kesar and pista. One 8-inch piece.",549,6,TRUE,POPULAR,
mohanthal,Mohanthal,Classic Marwadi Mithai,"Coarse besan roasted in ghee for hours, set with mawa and topped with almond slivers.",240,25,TRUE,,
mawa-kachori,Mawa Kachori (4 pcs),Classic Marwadi Mithai,"Jodhpur's famous flaky kachori stuffed with mawa and dry fruits, dipped in chashni.",260,25,TRUE,POPULAR,
balushahi,Balushahi,Classic Marwadi Mithai,"Flaky, layered and glazed. Melts in the mouth.",180,25,TRUE,,
alwar-kalakand,Alwar ka Kalakand,Classic Marwadi Mithai,"Grainy milk cake cooked down from fresh milk, just like in Alwar.",260,25,TRUE,,
sohan-halwa,Ajmer ka Sohan Halwa,Classic Marwadi Mithai,"Dense, chewy halwa loaded with ghee, almonds and pistachios.",280,25,TRUE,,
kaju-katli,Kaju Katli,Barfi & Katli,Premium cashew katli with a delicate silver varq.,320,25,TRUE,POPULAR,
pista-barfi,Pista Barfi,Barfi & Katli,Rich pistachio and mawa barfi with a hint of cardamom.,380,25,TRUE,,
besan-chakki,Besan Chakki,Barfi & Katli,Traditional Marwadi besan barfi with a melt-in-the-mouth crumb.,200,25,TRUE,,
doodh-barfi,Doodh Barfi,Barfi & Katli,"Simple, milky and not too sweet.",220,25,TRUE,,
churma-laddoo,Churma Laddoo,Laddoo,"Coarse wheat churma with jaggery, ghee and khus-khus. The Rajasthani classic.",200,25,TRUE,POPULAR,
motichoor-laddoo,Desi Ghee Motichoor Laddoo,Laddoo,Tiny boondi pearls in kesar chashni.,190,25,TRUE,,
gond-laddoo,Gond ke Laddoo,Laddoo,"Edible gum, dry fruits and whole wheat in ghee. A winter favourite.",260,25,TRUE,,
dryfruit-laddoo,Sugar-free Dry Fruit Laddoo,Laddoo,"Dates, figs, almonds and cashews. No added sugar.",340,25,TRUE,NEW,
navratri-vrat-combo,Navratri Vrat Combo,Combos & Gift Boxes,Singhare ki Barfi 250 g + Rajgira Laddoo 250 g + Vrat Namkeen 250 g + Makhana Kheer 400 ml.,749,9,TRUE,VRAT FRIENDLY,
kanya-pujan-box,Kanya Pujan Prasad Box,Combos & Gift Boxes,"Halwa, kala chana and puri prasad for Ashtami and Navami. Choose how many kanyas.",899,25,TRUE,POPULAR,
marwadi-sampler,Marwadi Mithai Sampler (1 kg),Combos & Gift Boxes,"250 g each of Mohanthal, Kaju Katli, Churma Laddoo and Alwar Kalakand.",1199,25,TRUE,POPULAR,
dussehra-hamper,Festive Dry Fruit & Mithai Hamper,Combos & Gift Boxes,"Kaju Katli 500 g, Pista Barfi 250 g, roasted almonds 200 g and a brass diya in a gift basket.",1999,25,TRUE,NEW,
ghewar-combo,Ghewar + Rabdi Combo,Combos & Gift Boxes,One Malai Ghewar with a 250 g tub of rabdi on the side.,699,0,TRUE,,
